<?xml version="1.0" encoding="UTF-8"?>
<GenRun Id="synth_1" LaunchPart="xc7a100tcsg324-1" LaunchTime="1725311817">
  <File Type="PA-TCL" Name="BUTTERFLY_UNIT.tcl"/>
  <File Type="REPORTS-TCL" Name="BUTTERFLY_UNIT_reports.tcl"/>
  <File Type="RDS-RDS" Name="BUTTERFLY_UNIT.vds"/>
  <File Type="RDS-DCP" Name="BUTTERFLY_UNIT.dcp"/>
  <FileSet Name="sources" Type="DesignSrcs" RelSrcDir="$PSRCDIR/sources_1">
    <Filter Type="Srcs"/>
    <File Path="$PSRCDIR/sources_1/imports/components/level_0/MOD_ADD.vhdl">
      <FileInfo>
        <Attr Name="ImportPath" Val="D:/University/Semester_07/CS4363_Hardware_Description_Languages/NTT-Accelerator/components/level_0/MOD_ADD.vhdl"/>
        <Attr Name="ImportTime" Val="1722579440"/>
        <Attr Name="UsedIn" Val="synthesis"/>
        <Attr Name="UsedIn" Val="simulation"/>
      </FileInfo>
    </File>
    <File Path="$PSRCDIR/sources_1/imports/components/level_0/MOD_K2_RED.vhdl">
      <FileInfo>
        <Attr Name="ImportPath" Val="D:/University/Semester_07/CS4363_Hardware_Description_Languages/NTT-Accelerator/components/level_0/MOD_K2_RED.vhdl"/>
        <Attr Name="ImportTime" Val="1722595065"/>
        <Attr Name="UsedIn" Val="synthesis"/>
        <Attr Name="UsedIn" Val="simulation"/>
      </FileInfo>
    </File>
    <File Path="$PSRCDIR/sources_1/imports/components/level_0/MOD_SUB.vhdl">
      <FileInfo>
        <Attr Name="ImportPath" Val="D:/University/Semester_07/CS4363_Hardware_Description_Languages/NTT-Accelerator/components/level_0/MOD_SUB.vhdl"/>
        <Attr Name="ImportTime" Val="1722587415"/>
        <Attr Name="UsedIn" Val="synthesis"/>
        <Attr Name="UsedIn" Val="simulation"/>
      </FileInfo>
    </File>
    <File Path="$PSRCDIR/sources_1/imports/components/level_0/MUL.vhdl">
      <FileInfo>
        <Attr Name="ImportPath" Val="D:/University/Semester_07/CS4363_Hardware_Description_Languages/NTT-Accelerator/components/level_0/MUL.vhdl"/>
        <Attr Name="ImportTime" Val="1722579593"/>
        <Attr Name="UsedIn" Val="synthesis"/>
        <Attr Name="UsedIn" Val="simulation"/>
      </FileInfo>
    </File>
    <File Path="$PSRCDIR/sources_1/imports/components/level_0/MUX_2.vhdl">
      <FileInfo>
        <Attr Name="ImportPath" Val="D:/University/Semester_07/CS4363_Hardware_Description_Languages/NTT-Accelerator/components/level_0/MUX_2.vhdl"/>
        <Attr Name="ImportTime" Val="1721305275"/>
        <Attr Name="UsedIn" Val="synthesis"/>
        <Attr Name="UsedIn" Val="simulation"/>
      </FileInfo>
    </File>
    <File Path="$PSRCDIR/sources_1/imports/components/level_0/MUX_3.vhdl">
      <FileInfo>
        <Attr Name="ImportPath" Val="D:/University/Semester_07/CS4363_Hardware_Description_Languages/NTT-Accelerator/components/level_0/MUX_3.vhdl"/>
        <Attr Name="ImportTime" Val="1722587625"/>
        <Attr Name="UsedIn" Val="synthesis"/>
        <Attr Name="UsedIn" Val="simulation"/>
      </FileInfo>
    </File>
    <File Path="$PSRCDIR/sources_1/imports/components/level_0/REG_12.vhdl">
      <FileInfo>
        <Attr Name="ImportPath" Val="D:/University/Semester_07/CS4363_Hardware_Description_Languages/NTT-Accelerator/components/level_0/REG_12.vhdl"/>
        <Attr Name="ImportTime" Val="1721386766"/>
        <Attr Name="UsedIn" Val="synthesis"/>
        <Attr Name="UsedIn" Val="simulation"/>
      </FileInfo>
    </File>
    <File Path="$PSRCDIR/sources_1/imports/components/level_1/BUTTERFLY_UNIT.vhdl">
      <FileInfo>
        <Attr Name="ImportPath" Val="D:/University/Semester_07/CS4363_Hardware_Description_Languages/NTT-Accelerator/components/level_1/BUTTERFLY_UNIT.vhdl"/>
        <Attr Name="ImportTime" Val="1725790108"/>
        <Attr Name="UsedIn" Val="synthesis"/>
        <Attr Name="UsedIn" Val="simulation"/>
      </FileInfo>
    </File>
    <File Path="$PSRCDIR/sources_1/imports/components/level_0/DUAL_PORT_RAM.vhdl">
      <FileInfo>
        <Attr Name="AutoDisabled" Val="1"/>
        <Attr Name="ImportPath" Val="D:/University/Semester_07/CS4363_Hardware_Description_Languages/NTT-Accelerator/components/level_0/DUAL_PORT_RAM.vhdl"/>
        <Attr Name="ImportTime" Val="1722582500"/>
        <Attr Name="UsedIn" Val="synthesis"/>
        <Attr Name="UsedIn" Val="simulation"/>
      </FileInfo>
    </File>
    <File Path="$PSRCDIR/sources_1/imports/components/level_0/MUX_2_RAM.vhdl">
      <FileInfo>
        <Attr Name="AutoDisabled" Val="1"/>
        <Attr Name="ImportPath" Val="D:/University/Semester_07/CS4363_Hardware_Description_Languages/NTT-Accelerator/components/level_0/MUX_2_RAM.vhdl"/>
        <Attr Name="ImportTime" Val="1721304674"/>
        <Attr Name="UsedIn" Val="synthesis"/>
        <Attr Name="UsedIn" Val="simulation"/>
      </FileInfo>
    </File>
    <File Path="$PSRCDIR/sources_1/imports/components/level_1/NTT_RAM.vhdl">
      <FileInfo>
        <Attr Name="AutoDisabled" Val="1"/>
        <Attr Name="ImportPath" Val="D:/University/Semester_07/CS4363_Hardware_Description_Languages/NTT-Accelerator/components/level_1/NTT_RAM.vhdl"/>
        <Attr Name="ImportTime" Val="1725887515"/>
        <Attr Name="UsedIn" Val="synthesis"/>
        <Attr Name="UsedIn" Val="simulation"/>
      </FileInfo>
    </File>
    <File Path="$PSRCDIR/sources_1/imports/components/level_0/MUX_4.vhdl">
      <FileInfo>
        <Attr Name="AutoDisabled" Val="1"/>
        <Attr Name="ImportPath" Val="D:/University/Semester_07/CS4363_Hardware_Description_Languages/NTT-Accelerator/components/level_0/MUX_4.vhdl"/>
        <Attr Name="ImportTime" Val="1725882050"/>
        <Attr Name="UsedIn" Val="synthesis"/>
        <Attr Name="UsedIn" Val="simulation"/>
      </FileInfo>
    </File>
    <File Path="$PSRCDIR/sources_1/imports/components/level_1/BUFFER_4.vhdl">
      <FileInfo>
        <Attr Name="AutoDisabled" Val="1"/>
        <Attr Name="ImportPath" Val="D:/University/Semester_07/CS4363_Hardware_Description_Languages/NTT-Accelerator/components/level_1/BUFFER_4.vhdl"/>
        <Attr Name="ImportTime" Val="1725888991"/>
        <Attr Name="UsedIn" Val="synthesis"/>
        <Attr Name="UsedIn" Val="simulation"/>
      </FileInfo>
    </File>
    <Config>
      <Option Name="DesignMode" Val="RTL"/>
      <Option Name="TopModule" Val="BUTTERFLY_UNIT"/>
    </Config>
  </FileSet>
  <FileSet Name="constrs_in" Type="Constrs" RelSrcDir="$PSRCDIR/constrs_1">
    <Filter Type="Constrs"/>
    <Config>
      <Option Name="ConstrsType" Val="XDC"/>
    </Config>
  </FileSet>
  <Strategy Version="1" Minor="2">
    <StratHandle Name="Vivado Synthesis Defaults" Flow="Vivado Synthesis 2018"/>
    <Step Id="synth_design"/>
  </Strategy>
</GenRun>
